Sex,counts,proportion,se,p,sep,percent,sepercent,n_eff,deffmean,df,t_adj,n_eff_df,x,lowerCL,upperCL,CIW,RCIW,RCIW_complement,suppress1,suppress2,suppress3,statReview1,statReview2,suppress,statReview,present,fn_complement,pct_se,pct_ci
Men,1654,5.51,0.646,0.055099999999999996,0.0064600000000000005,6,1,1247.5915133855397,1.3257544494765001,NA,1,1247.5915133855397,68.74229238754323,0.04309950274375333,0.06924728237687536,3,47,3,FALSE,FALSE,FALSE,FALSE,FALSE,FALSE,FALSE,TRUE,FALSE,6.0 (1.0),"6.0 (4.3, 6.9)"
Women,1674,10.05,0.804,0.1005,0.00804,10,1,1398.4763681592037,1.1970170094496944,NA,1,1398.4763681592037,140.54687499999997,0.08523633981418652,0.11746464627958537,3,32,4,FALSE,FALSE,FALSE,FALSE,FALSE,FALSE,FALSE,TRUE,FALSE,10.0 (1.0),"10.0 (8.5, 11.7)"
